asset_id,used_by,source,source_ref,author,licence,licence_url,date,account,sha256,modified,ai_generated,steam_ai_disclosure,trademark_check,notes
SM_DB_Arch_Ceiling,M2-A,own,Tools/blender/divebar/db_arch.py,RAW BREAK (generated),own,,2026-09-30,,,n,n,n,n/a,
SM_DB_Arch_Columns,M2-A,own,Tools/blender/divebar/db_arch.py,RAW BREAK (generated),own,,2026-09-30,,,n,n,n,n/a,
SM_DB_Arch_Doors,M2-A,own,Tools/blender/divebar/db_arch.py,RAW BREAK (generated),own,,2026-09-30,,,n,n,n,n/a,
SM_DB_Arch_Floor,M2-A,own,Tools/blender/divebar/db_arch.py,RAW BREAK (generated),own,,2026-09-30,,,n,n,n,n/a,
SM_DB_Arch_GlassBlock,M2-A,own,Tools/blender/divebar/db_arch.py,RAW BREAK (generated),own,,2026-09-30,,,n,n,n,n/a,
SM_DB_Arch_Plenum,M2-A,own,Tools/blender/divebar/db_arch.py,RAW BREAK (generated),own,,2026-09-30,,,n,n,n,n/a,
SM_DB_Arch_Street,M2-A,own,Tools/blender/divebar/db_arch.py,RAW BREAK (generated),own,,2026-09-30,,,n,n,n,n/a,
SM_DB_Arch_Walls,M2-A,own,Tools/blender/divebar/db_arch.py,RAW BREAK (generated),own,,2026-09-30,,,n,n,n,n/a,
SM_DB_AxisTest,M2-A,own,Tools/blender/divebar/db_axis_test.py,RAW BREAK (generated),own,,2026-09-30,,,n,n,n,n/a,
SM_DB_ExitSign,M2-A,own,Tools/blender/divebar/db_arch.py,RAW BREAK (generated),own,,2026-09-30,,,n,n,n,n/a,
SM_DB_FX_DustMotes,M2-A,own,Tools/blender/divebar/db_arch.py,RAW BREAK (generated),own,,2026-09-30,,,n,n,n,n/a,
SM_DB_GB_Box,M2-A,own,Tools/blender/divebar/db_arch.py,RAW BREAK (generated),own,,2026-09-30,,,n,n,n,n/a,
SM_DB_GB_Bulb,M2-A,own,Tools/blender/divebar/db_arch.py,RAW BREAK (generated),own,,2026-09-30,,,n,n,n,n/a,
SM_DB_GB_Cylinder,M2-A,own,Tools/blender/divebar/db_arch.py,RAW BREAK (generated),own,,2026-09-30,,,n,n,n,n/a,
SM_DB_GB_FanBlade,M2-A,own,Tools/blender/divebar/db_arch.py,RAW BREAK (generated),own,,2026-09-30,,,n,n,n,n/a,
SM_DB_GB_Pendant,M2-A,own,Tools/blender/divebar/db_arch.py,RAW BREAK (generated),own,,2026-09-30,,,n,n,n,n/a,
SM_DB_GB_SconceGlass,M2-A,own,Tools/blender/divebar/db_arch.py,RAW BREAK (generated),own,,2026-09-30,,,n,n,n,n/a,
SM_DB_GB_Shade,M2-A,own,Tools/blender/divebar/db_arch.py,RAW BREAK (generated),own,,2026-09-30,,,n,n,n,n/a,
SM_DB_HvacDiffuser,M2-A,own,Tools/blender/divebar/db_arch.py,RAW BREAK (generated),own,,2026-09-30,,,n,n,n,n/a,
SM_DB_Neon_Hollenbeck,M2-A,own,Tools/blender/divebar/db_neon.py,RAW BREAK (generated),own,,2026-09-30,,,n,n,n,n/a,
SM_DB_Neon_LanternFlats,M2-A,own,Tools/blender/divebar/db_neon.py,RAW BREAK (generated),own,,2026-09-30,,,n,n,n,n/a,
SM_DB_Neon_OldCastor,M2-A,own,Tools/blender/divebar/db_neon.py,RAW BREAK (generated),own,,2026-09-30,,,n,n,n,n/a,
SM_DB_Neon_Open,M2-A,own,Tools/blender/divebar/db_neon.py,RAW BREAK (generated),own,,2026-09-30,,,n,n,n,n/a,
SM_DB_Neon_Pool,M2-A,own,Tools/blender/divebar/db_neon.py,RAW BREAK (generated),own,,2026-09-30,,,n,n,n,n/a,
SM_DB_Troffer,M2-A,own,Tools/blender/divebar/db_arch.py,RAW BREAK (generated),own,,2026-09-30,,,n,n,n,n/a,
